,1,2,3,4,5,6,7,8,accuracy,macro avg,weighted avg
precision,0.26790450928381965,0.19327731092436976,0.2326283987915408,0.19883040935672514,0.21160409556313994,0.20903954802259886,0.2742382271468144,0.22243713733075435,0.2268076398362892,0.22624495455247037,0.2262491569101267
recall,0.27595628415300544,0.1885245901639344,0.2098092643051771,0.18528610354223432,0.16893732970027248,0.20218579234972678,0.26975476839237056,0.31420765027322406,0.2268076398362892,0.22683272285999312,0.2268076398362892
f1-score,0.27187079407806186,0.19087136929460582,0.22063037249283665,0.19181946403385047,0.1878787878787879,0.20555555555555557,0.271978021978022,0.26047565118912797,0.2268076398362892,0.22513500206260603,0.2251253726758847
support,366.0,366.0,367.0,367.0,367.0,366.0,367.0,366.0,0.2268076398362892,2932.0,2932.0
